{
    "camera_num": 4,
    "camera_group_info": [
        {
            "cap_id": 0,
            "frame_width": 1280,
            "frame_height": 720,
            "K": [
                [
                    673.312652838709,
                    0.0,
                    661.183303445555
                ],
                [
                    0.0,
                    688.7599767347722,
                    394.26462896294805
                ],
                [
                    0.0,
                    0.0,
                    1.0
                ]
            ],
            "R": [
                [
                    -0.7007829126415162,
                    -0.418082098031373,
                    0.5780230693106967
                ],
                [
                    -0.7119724286159735,
                    0.35911803549473453,
                    -0.6034314356023185
                ],
                [
                    0.04470537149320647,
                    -0.8344109274740401,
                    -0.5493267095923575
                ]
            ],
            "t": [
                [
                    -3.152717756990905
                ],
                [
                    2.6098533767482537
                ],
                [
                    2.600941997377976
                ]
            ],
            "D": [
                [
                    0.1982243704920759,
                    -0.24196787325547411,
                    0.003565592070974728,
                    0.004004133259497034,
                    0.11396705936615584
                ]
            ]
        },
        {
            "cap_id": 1,
            "frame_width": 1280,
            "frame_height": 720,
            "K": [
                [
                    690.2865266746371,
                    0.0,
                    667.3874330774099
                ],
                [
                    0.0,
                    695.4499528097792,
                    350.3183008224956
                ],
                [
                    0.0,
                    0.0,
                    1.0
                ]
            ],
            "R": [
                [
                    -0.6783231844064961,
                    0.31600448275132653,
                    -0.6633391473278938
                ],
                [
                    0.733767604026636,
                    0.33832760669750034,
                    -0.5891685105530943
                ],
                [
                    0.03824605571350681,
                    -0.8863834370222672,
                    -0.4613693117177943
                ]
            ],
            "t": [
                [
                    3.1676152949779115
                ],
                [
                    2.833738414996801
                ],
                [
                    2.5799221078781835
                ]
            ],
            "D": [
                [
                    0.1982243704920759,
                    -0.24196787325547411,
                    0.003565592070974728,
                    0.004004133259497034,
                    0.11396705936615584
                ]
            ]
        },
        {
            "cap_id": 2,
            "frame_width": 1280,
            "frame_height": 720,
            "K": [
                [
                    706.3620859376103,
                    0.0,
                    623.7066849644369
                ],
                [
                    0.0,
                    700.3311274445092,
                    343.55825972393166
                ],
                [
                    0.0,
                    0.0,
                    1.0
                ]
            ],
            "R": [
                [
                    0.6719715048849525,
                    0.41612154831893783,
                    -0.6126150125872709
                ],
                [
                    0.7379036981134638,
                    -0.30598699970034426,
                    0.6015563883168856
                ],
                [
                    0.06286834603460298,
                    -0.8562796348384277,
                    -0.5126721740331164
                ]
            ],
            "t": [
                [
                    3.276253280890973
                ],
                [
                    -2.884612082700737
                ],
                [
                    2.5375990711047898
                ]
            ],
            "D": [
                [
                    0.21664803530312027,
                    -0.3317109332128511,
                    -0.0026500215365139784,
                    0.0028438822380864844,
                    0.18198037717586285
                ]
            ]
        },
        {
            "cap_id": 3,
            "frame_width": 1280,
            "frame_height": 720,
            "K": [
                [
                    682.5920725264675,
                    0.0,
                    612.9861675940517
                ],
                [
                    0.0,
                    704.0739857113947,
                    361.87231723870144
                ],
                [
                    0.0,
                    0.0,
                    1.0
                ]
            ],
            "R": [
                [
                    0.770651213384075,
                    -0.33342277373758544,
                    0.543070862100691
                ],
                [
                    -0.6368674412565494,
                    -0.3731699342039331,
                    0.6746436559203444
                ],
                [
                    -0.022283841163238283,
                    -0.8657791024039371,
                    -0.4999299713596339
                ]
            ],
            "t": [
                [
                    -3.0708232972580483
                ],
                [
                    -2.924894936641311
                ],
                [
                    2.5419664466484804
                ]
            ],
            "D": [
                [
                    0.19001685085768888,
                    -0.2612645237782131,
                    0.0027225903034032582,
                    0.005641157205847353,
                    0.10692718094872856
                ]
            ]
        }
    ]
}